Name, Email, Address, Identity Proof, Product, Price, Phone Number
John Doe, johndoe@email.com, 123 Main St, License, Product A, $100, 555-123-4567
Jane Smith, janesmith@email.com, 456 Elm St, Passport, Product B, $150, (555)987-6543
Bob Johnson, bobjohnson@email.com, 789 Oak St, ID Card, Product C, $200, 555-876-5432
Alice Williams, alice@email.com, 101 Pine St, Passport, Product D, $175, 555-234-5678
Eve Brown, evebrown@email.com, 111 Oak St, License, Product E, $120, 555-789-0123
Michael Lee, michael@email.com, 222 Elm St, Passport, Product F, $130, 555-555-5555
Samantha Clark, samantha@email.com, 333 Pine St, ID Card, Product G, $180, 555-999-8888
Daniel Wilson, daniel@email.com, 444 Oak St, Passport, Product H, $190, 555-444-3333
Sophia Garcia, sophia@email.com, 555 Elm St, License, Product I, $160, 555-777-6666
Oliver Martinez, oliver@email.com, 666 Pine St, ID Card, Product J, $170, 555-222-1111
Lauren Taylor, lauren@email.com, 777 Oak St, License, Product K, $110, 123-456-7890
Liam Rodriguez, liam@email.com, 888 Elm St, Passport, Product L, $140, 456-789-0123
Nora Hernandez, nora@email.com, 999 Pine St, ID Card, Product M, $150, 789-012-3456
Emma Nguyen, emma@email.com, 1010 Oak St, License, Product N, $125, 321-654-9870
William Smith, william@email.com, 1111 Elm St, Passport, Product O, $135, 888-555-4444
Ava Johnson, ava@email.com, 1212 Pine St, ID Card, Product P, $155, 777-555-6666
James Brown, james@email.com, 1313 Oak St, License, Product Q, $115, 234-567-8901
