id, full_name, phone_number, email
1, John Doe, 123-456-7890, johndoe@email.com
2, Jane Smith, 987-654-3210, janesmith@email.com
3, Bob Johnson, 555123-4567, bobjohnson@email.com
4, Alice Williams, 333-555-7777, alicewilliams@email.com
5, Eve Brown, 8889997777, evebrown@email.com
6, Michael Davis, 444-333-2222, michaeldavis@email.com
7, Samantha Clark, 666-777-8888, samanthaclark@email.com
8, Daniel, 111-222-3333, danielwilson@email.com
9, Sophia Garcia, 777-888-9999, sophiagarcia@email.com
10, Olivia Martinez, 444-555-6666, oliviamartinez@email.com
11, Lauren Taylor, 222-111-3333, laurentaylor@email.com
12, Liam Rodriguez, 999-888-7777, liamrodriguez@email.com
